INSERT INTO `user` (`id_user`, `credentials`, `email`, `name`, `role_id_role`) VALUES (123,'123','Notificacion26@gmail.com','Test Client',2);
INSERT INTO `user` (`id_user`, `credentials`, `email`, `name`, `role_id_role`) VALUES (1234,'1234','Notificacion26@gmail.com','Test Admin',1);

INSERT INTO `category` (`id_category`, `name`, `photo`, `parent_category_id_category`) VALUES (100,'Ropa','https://i.kinja-img.com/gawker-media/image/upload/c_fill,f_auto,fl_progressive,g_center,h_675,pg_1,q_80,w_1200/rblgwarghgc8rdx8bzmu.png',NULL);
INSERT INTO `category` (`id_category`, `name`, `photo`, `parent_category_id_category`) VALUES (110,'Hombres','https://www2.hm.com/content/dam/kids_s02/december_2020/4013a/4013A-3x2-clean-up-bottle-2-fashion.jpg',100);
INSERT INTO `category` (`id_category`, `name`, `photo`, `parent_category_id_category`) VALUES (111,'Interior','https://image.freepik.com/vector-gratis/conjunto-ropa-verano_74855-446.jpg',110);
INSERT INTO `category` (`id_category`, `name`, `photo`, `parent_category_id_category`) VALUES (112,'Buzo','https://image.freepik.com/vector-gratis/conjunto-ropa-verano_74855-446.jpg',110);
INSERT INTO `category` (`id_category`, `name`, `photo`, `parent_category_id_category`) VALUES (113,'Pantalon','https://image.freepik.com/vector-gratis/conjunto-ropa-verano_74855-446.jpg',110);
INSERT INTO `category` (`id_category`, `name`, `photo`, `parent_category_id_category`) VALUES (120,'Mujeres','https://www2.hm.com/content/dam/kids_s02/december_2020/4013a/4013A-3x2-clean-up-bottle-2-fashion.jpg',100);
INSERT INTO `category` (`id_category`, `name`, `photo`, `parent_category_id_category`) VALUES (121,'Interior','https://i.kinja-img.com/gawker-media/image/upload/c_fill,f_auto,fl_progressive,g_center,h_675,pg_1,q_80,w_1200/rblgwarghgc8rdx8bzmu.png',120);
INSERT INTO `category` (`id_category`, `name`, `photo`, `parent_category_id_category`) VALUES (122,'Blusa','https://image.freepik.com/vector-gratis/conjunto-ropa-verano_74855-446.jpg',110);
INSERT INTO `category` (`id_category`, `name`, `photo`, `parent_category_id_category`) VALUES (123,'Falda','https://aprendelibvrefiles.blob.core.windows.net/aprendelibvre-container/course/informatica_basica/image/compescritorio-01_xl.png',120);
INSERT INTO `category` (`id_category`, `name`, `photo`, `parent_category_id_category`) VALUES (130,'Niños','https://www2.hm.com/content/dam/kids_s02/december_2020/4013a/4013A-3x2-clean-up-bottle-2-fashion.jpg',100);
INSERT INTO `category` (`id_category`, `name`, `photo`, `parent_category_id_category`) VALUES (200,'Computador','https://aprendelibvrefiles.blob.core.windows.net/aprendelibvre-container/course/informatica_basica/image/compescritorio-01_xl.png',NULL);
INSERT INTO `category` (`id_category`, `name`, `photo`, `parent_category_id_category`) VALUES (210,'Teclado','https://www.gruponw.com/nwlib6/includes/phpthumb/phpThumb.php?src=/imagenes/2017_02_06_16_31_281370564055.jpg&w=700&f=jpg',200);
INSERT INTO `category` (`id_category`, `name`, `photo`, `parent_category_id_category`) VALUES (220,'PC','https://www.adslzone.net/app/uploads/2017/05/cuanto-cuesta-el-ordenador-de-elrubius-por-piezas.jpg',200);
INSERT INTO `category` (`id_category`, `name`, `photo`, `parent_category_id_category`) VALUES (230,'Portatil','https://www.adslzone.net/app/uploads/2017/05/cuanto-cuesta-el-ordenador-de-elrubius-por-piezas.jpg',200);
INSERT INTO `category` (`id_category`, `name`, `photo`, `parent_category_id_category`) VALUES (240,'Maus','https://assets.logitech.com/assets/55214/m100-gallery.png',200);
INSERT INTO `category` (`id_category`, `name`, `photo`, `parent_category_id_category`) VALUES (300,'Vehículos','https://www.definicionabc.com/wp-content/uploads/motor/Vehiculo.jpg',NULL);
INSERT INTO `category` (`id_category`, `name`, `photo`, `parent_category_id_category`) VALUES (310,'Carro','https://cdn.pixabay.com/photo/2016/12/31/01/43/auto-1941988_960_720.png',300);
INSERT INTO `category` (`id_category`, `name`, `photo`, `parent_category_id_category`) VALUES (320,'Moto','https://st.depositphotos.com/1024768/4055/v/600/depositphotos_40558047-stock-illustration-bike-or-chopper-cartoon-illustration.jpg',300);
INSERT INTO `category` (`id_category`, `name`, `photo`, `parent_category_id_category`) VALUES (330,'Taxi','https://www.vippng.com/png/detail/111-1112169_taxi-png-image-imagen-de-un-taxi-animado.png',300);
INSERT INTO `category` (`id_category`, `name`, `photo`, `parent_category_id_category`) VALUES (400,'Hogar','https://administratuhogar.com/wp-content/uploads/2019/08/Casita-2017.png',NULL);
INSERT INTO `category` (`id_category`, `name`, `photo`, `parent_category_id_category`) VALUES (410,'Sala','https://www.vitahome.co/wp-content/uploads/2018/04/sala-L-essenze.jpg',400);
INSERT INTO `category` (`id_category`, `name`, `photo`, `parent_category_id_category`) VALUES (420,'Comedor','https://mueblesjuventud.com/wp-content/uploads/2020/05/mesacomedor-sevilla-sillas-kenia-600x600.jpg',400);
INSERT INTO `category` (`id_category`, `name`, `photo`, `parent_category_id_category`) VALUES (430,'Habitacion','https://i.blogs.es/14ee4d/ikea_ses_habitacion-adultos/450_1000.jpg',400);
INSERT INTO `category` (`id_category`, `name`, `photo`, `parent_category_id_category`) VALUES (440,'Baño','https://www.hogarmania.com/archivos/201706/consejos-seguridad-bano-xl-668x400x80xX.jpg',400);
INSERT INTO `category` (`id_category`, `name`, `photo`, `parent_category_id_category`) VALUES (450,'Jardin','https://www.viviendasaludable.es/wp-content/uploads/2019/02/organizar-el-jardin-1.jpg',400);
INSERT INTO `category` (`id_category`, `name`, `photo`, `parent_category_id_category`) VALUES (451,'Rosas','https://www.daflores.com/images/product_big_0055.jpg',450);
INSERT INTO `category` (`id_category`, `name`, `photo`, `parent_category_id_category`) VALUES (452,'Tulipanes','https://4.bp.blogspot.com/-dFEDec9fD24/USerG96HDJI/AAAAAAAAA6I/evRLXZ8rTa4/s1600/tulip_garden_theme.jpg',450);
INSERT INTO `category` (`id_category`, `name`, `photo`, `parent_category_id_category`) VALUES (453,'Girasoles','https://mundoagropecuario.com/wp-content/uploads/2019/09/sunflowers.jpg',450);
INSERT INTO `category` (`id_category`, `name`, `photo`, `parent_category_id_category`) VALUES (454,'Amapolas','https://floreshermosas.net/wp-content/uploads/2018/06/amapola.jpg',450);
INSERT INTO `category` (`id_category`, `name`, `photo`, `parent_category_id_category`) VALUES (500,'Mascotas','https://blogthinkbig.com/wp-content/uploads/sites/4/2020/02/mascotas.jpg',NULL);
INSERT INTO `category` (`id_category`, `name`, `photo`, `parent_category_id_category`) VALUES (510,'Casa','https://images-na.ssl-images-amazon.com/images/I/713C-UgXweL._SX425_.jpg',500);
INSERT INTO `category` (`id_category`, `name`, `photo`, `parent_category_id_category`) VALUES (520,'Juguetes','https://www.ecestaticos.com/image/clipping/654/9b0123cd914ca4997721d5d0c4adeafc/juguetes-de-cuerdas-de-amazon-cortesia.jpg',500);
INSERT INTO `category` (`id_category`, `name`, `photo`, `parent_category_id_category`) VALUES (530,'Alimento','https://www.faunatikos.com.ar/wp-content/uploads/2019/08/alimento_balanceado.jpg',500);
INSERT INTO `category` (`id_category`, `name`, `photo`, `parent_category_id_category`) VALUES (540,'Accesorios','https://ae01.alicdn.com/kf/H8a7350d9d42049ddb2f0dff3aa3795dfN.jpg_q50.jpg',500);

INSERT INTO `product` (`id_product`, `description`, `first_photo`, `name`, `price`, `second_photo`, `third_photo`, `weight`, `category_id_category`) VALUES (1,'Lorem ipsum dolor sit amet, consectetur adipiscing elit. In lacinia diam sed nulla pretium vulputate. Donec risus dui, tempus ut scelerisque sed, accumsan tincidunt massa. Aliquam ac magna auctor, fringilla nibh a, mattis quam.','https://image.freepik.com/vector-gratis/ropa-bebe-equipo-forma-circulo-dibujos-animados_80590-2165.jpg','Ropa 1',100,'https://image.freepik.com/vector-gratis/ropa-bebe-equipo-forma-circulo-dibujos-animados_80590-2165.jpg','https://image.freepik.com/vector-gratis/ropa-bebe-equipo-forma-circulo-dibujos-animados_80590-2165.jpg',1,111);
INSERT INTO `product` (`id_product`, `description`, `first_photo`, `name`, `price`, `second_photo`, `third_photo`, `weight`, `category_id_category`) VALUES (2,'Lorem ipsum dolor sit amet, consectetur adipiscing elit. In lacinia diam sed nulla pretium vulputate. Donec risus dui, tempus ut scelerisque sed, accumsan tincidunt massa. Aliquam ac magna auctor, fringilla nibh a, mattis quam.','https://image.freepik.com/vector-gratis/ropa-bebe-equipo-forma-circulo-dibujos-animados_80590-2165.jpg','Ropa 2',80,'https://www.clipartkey.com/mpngs/m/64-643215_big-image-png-gancho-de-ropa-animada.png','https://image.freepik.com/vector-gratis/ropa-bebe-equipo-forma-circulo-dibujos-animados_80590-2165.jpg',5,111);
INSERT INTO `product` (`id_product`, `description`, `first_photo`, `name`, `price`, `second_photo`, `third_photo`, `weight`, `category_id_category`) VALUES (3,'Lorem ipsum dolor sit amet, consectetur adipiscing elit. In lacinia diam sed nulla pretium vulputate. Donec risus dui, tempus ut scelerisque sed, accumsan tincidunt massa. Aliquam ac magna auctor, fringilla nibh a, mattis quam.','https://image.freepik.com/vector-gratis/ropa-bebe-equipo-forma-circulo-dibujos-animados_80590-2165.jpg','Ropa 3',60,'https://image.freepik.com/vector-gratis/ropa-bebe-equipo-forma-circulo-dibujos-animados_80590-2165.jpg','https://image.freepik.com/vector-gratis/ropa-bebe-equipo-forma-circulo-dibujos-animados_80590-2165.jpg',2,111);
INSERT INTO `product` (`id_product`, `description`, `first_photo`, `name`, `price`, `second_photo`, `third_photo`, `weight`, `category_id_category`) VALUES (4,'Lorem ipsum dolor sit amet, consectetur adipiscing elit. In lacinia diam sed nulla pretium vulputate. Donec risus dui, tempus ut scelerisque sed, accumsan tincidunt massa. Aliquam ac magna auctor, fringilla nibh a, mattis quam.','https://image.freepik.com/vector-gratis/ropa-bebe-equipo-forma-circulo-dibujos-animados_80590-2165.jpg','Ropa 4',70,'https://www.clipartkey.com/mpngs/m/64-643215_big-image-png-gancho-de-ropa-animada.png','https://image.freepik.com/vector-gratis/ropa-bebe-equipo-forma-circulo-dibujos-animados_80590-2165.jpg',3,111);
INSERT INTO `product` (`id_product`, `description`, `first_photo`, `name`, `price`, `second_photo`, `third_photo`, `weight`, `category_id_category`) VALUES (5,'Lorem ipsum dolor sit amet, consectetur adipiscing elit. In lacinia diam sed nulla pretium vulputate. Donec risus dui, tempus ut scelerisque sed, accumsan tincidunt massa. Aliquam ac magna auctor, fringilla nibh a, mattis quam.','https://floreshermosas.net/wp-content/uploads/2018/06/amapola.jpg','Ropa',50,'https://floreshermosas.net/wp-content/uploads/2018/06/amapola.jpg','https://mundoagropecuario.com/wp-content/uploads/2019/09/sunflowers.jpg',2,121);
INSERT INTO `product` (`id_product`, `description`, `first_photo`, `name`, `price`, `second_photo`, `third_photo`, `weight`, `category_id_category`) VALUES (6,'Lorem ipsum dolor sit amet, consectetur adipiscing elit. In lacinia diam sed nulla pretium vulputate. Donec risus dui, tempus ut scelerisque sed, accumsan tincidunt massa. Aliquam ac magna auctor, fringilla nibh a, mattis quam.','https://mundoagropecuario.com/wp-content/uploads/2019/09/sunflowers.jpg','Ropa',25,'https://floreshermosas.net/wp-content/uploads/2018/06/amapola.jpg','https://mundoagropecuario.com/wp-content/uploads/2019/09/sunflowers.jpg',3,121);
INSERT INTO `product` (`id_product`, `description`, `first_photo`, `name`, `price`, `second_photo`, `third_photo`, `weight`, `category_id_category`) VALUES (7,'Lorem ipsum dolor sit amet, consectetur adipiscing elit. In lacinia diam sed nulla pretium vulputate. Donec risus dui, tempus ut scelerisque sed, accumsan tincidunt massa. Aliquam ac magna auctor, fringilla nibh a, mattis quam.','https://ae01.alicdn.com/kf/H8a7350d9d42049ddb2f0dff3aa3795dfN.jpg_q50.jpg','Ropa',70,'https://floreshermosas.net/wp-content/uploads/2018/06/amapola.jpg','https://mundoagropecuario.com/wp-content/uploads/2019/09/sunflowers.jpg',6,121);
INSERT INTO `product` (`id_product`, `description`, `first_photo`, `name`, `price`, `second_photo`, `third_photo`, `weight`, `category_id_category`) VALUES (8,'Lorem ipsum dolor sit amet, consectetur adipiscing elit. In lacinia diam sed nulla pretium vulputate. Donec risus dui, tempus ut scelerisque sed, accumsan tincidunt massa. Aliquam ac magna auctor, fringilla nibh a, mattis quam.','https://www.vitahome.co/wp-content/uploads/2018/04/sala-L-essenze.jpg','Ropa',15,'https://floreshermosas.net/wp-content/uploads/2018/06/amapola.jpg','https://mundoagropecuario.com/wp-content/uploads/2019/09/sunflowers.jpg',7,121);
INSERT INTO `product` (`id_product`, `description`, `first_photo`, `name`, `price`, `second_photo`, `third_photo`, `weight`, `category_id_category`) VALUES (9,'Lorem ipsum dolor sit amet, consectetur adipiscing elit. In lacinia diam sed nulla pretium vulputate. Donec risus dui, tempus ut scelerisque sed, accumsan tincidunt massa. Aliquam ac magna auctor, fringilla nibh a, mattis quam.','https://ae01.alicdn.com/kf/H8a7350d9d42049ddb2f0dff3aa3795dfN.jpg_q50.jpg','Ropa',23,'https://floreshermosas.net/wp-content/uploads/2018/06/amapola.jpg','https://mundoagropecuario.com/wp-content/uploads/2019/09/sunflowers.jpg',9,121);
INSERT INTO `product` (`id_product`, `description`, `first_photo`, `name`, `price`, `second_photo`, `third_photo`, `weight`, `category_id_category`) VALUES (10,'Lorem ipsum dolor sit amet, consectetur adipiscing elit. In lacinia diam sed nulla pretium vulputate. Donec risus dui, tempus ut scelerisque sed, accumsan tincidunt massa. Aliquam ac magna auctor, fringilla nibh a, mattis quam.','https://i.blogs.es/14ee4d/ikea_ses_habitacion-adultos/450_1000.jpg','Blusa 1',80,'https://www.faunatikos.com.ar/wp-content/uploads/2019/08/alimento_balanceado.jpg','https://www.faunatikos.com.ar/wp-content/uploads/2019/08/alimento_balanceado.jpg',30,123);
INSERT INTO `product` (`id_product`, `description`, `first_photo`, `name`, `price`, `second_photo`, `third_photo`, `weight`, `category_id_category`) VALUES (11,'Lorem ipsum dolor sit amet, consectetur adipiscing elit. In lacinia diam sed nulla pretium vulputate. Donec risus dui, tempus ut scelerisque sed, accumsan tincidunt massa. Aliquam ac magna auctor, fringilla nibh a, mattis quam.','https://www.daflores.com/images/product_big_0055.jpg','Niño',30,'https://mundoagropecuario.com/wp-content/uploads/2019/09/sunflowers.jpg','https://floreshermosas.net/wp-content/uploads/2018/06/amapola.jpg',5,130);
INSERT INTO `product` (`id_product`, `description`, `first_photo`, `name`, `price`, `second_photo`, `third_photo`, `weight`, `category_id_category`) VALUES (12,'Lorem ipsum dolor sit amet, consectetur adipiscing elit. In lacinia diam sed nulla pretium vulputate. Donec risus dui, tempus ut scelerisque sed, accumsan tincidunt massa. Aliquam ac magna auctor, fringilla nibh a, mattis quam.','https://www.daflores.com/images/product_big_0055.jpg','Lorem ipsum dolor sit amet',30,'https://mundoagropecuario.com/wp-content/uploads/2019/09/sunflowers.jpg','https://floreshermosas.net/wp-content/uploads/2018/06/amapola.jpg',25,210);
INSERT INTO `product` (`id_product`, `description`, `first_photo`, `name`, `price`, `second_photo`, `third_photo`, `weight`, `category_id_category`) VALUES (13,'Lorem ipsum dolor sit amet, consectetur adipiscing elit. In lacinia diam sed nulla pretium vulputate. Donec risus dui, tempus ut scelerisque sed, accumsan tincidunt massa. Aliquam ac magna auctor, fringilla nibh a, mattis quam.','https://www.daflores.com/images/product_big_0055.jpg','Lorem ipsum dolor sit amet',60,'https://mundoagropecuario.com/wp-content/uploads/2019/09/sunflowers.jpg','https://floreshermosas.net/wp-content/uploads/2018/06/amapola.jpg',14,210);
INSERT INTO `product` (`id_product`, `description`, `first_photo`, `name`, `price`, `second_photo`, `third_photo`, `weight`, `category_id_category`) VALUES (14,'Lorem ipsum dolor sit amet, consectetur adipiscing elit. In lacinia diam sed nulla pretium vulputate. Donec risus dui, tempus ut scelerisque sed, accumsan tincidunt massa. Aliquam ac magna auctor, fringilla nibh a, mattis quam.','https://www.daflores.com/images/product_big_0055.jpg','Lorem ipsum dolor sit amet',34,'https://mundoagropecuario.com/wp-content/uploads/2019/09/sunflowers.jpg','https://floreshermosas.net/wp-content/uploads/2018/06/amapola.jpg',9,210);
INSERT INTO `product` (`id_product`, `description`, `first_photo`, `name`, `price`, `second_photo`, `third_photo`, `weight`, `category_id_category`) VALUES (15,'Lorem ipsum dolor sit amet, consectetur adipiscing elit. In lacinia diam sed nulla pretium vulputate. Donec risus dui, tempus ut scelerisque sed, accumsan tincidunt massa. Aliquam ac magna auctor, fringilla nibh a, mattis quam.','https://www.daflores.com/images/product_big_0055.jpg','Lorem ipsum dolor sit amet',23,'https://mundoagropecuario.com/wp-content/uploads/2019/09/sunflowers.jpg','https://floreshermosas.net/wp-content/uploads/2018/06/amapola.jpg',5,210);
INSERT INTO `product` (`id_product`, `description`, `first_photo`, `name`, `price`, `second_photo`, `third_photo`, `weight`, `category_id_category`) VALUES (16,'Lorem ipsum dolor sit amet, consectetur adipiscing elit. In lacinia diam sed nulla pretium vulputate. Donec risus dui, tempus ut scelerisque sed, accumsan tincidunt massa. Aliquam ac magna auctor, fringilla nibh a, mattis quam.','https://www.daflores.com/images/product_big_0055.jpg','Lorem ipsum dolor sit amet',16,'https://mundoagropecuario.com/wp-content/uploads/2019/09/sunflowers.jpg','https://floreshermosas.net/wp-content/uploads/2018/06/amapola.jpg',3,210);
INSERT INTO `product` (`id_product`, `description`, `first_photo`, `name`, `price`, `second_photo`, `third_photo`, `weight`, `category_id_category`) VALUES (17,'Lorem ipsum dolor sit amet, consectetur adipiscing elit. In lacinia diam sed nulla pretium vulputate. Donec risus dui, tempus ut scelerisque sed, accumsan tincidunt massa. Aliquam ac magna auctor, fringilla nibh a, mattis quam.','https://www.daflores.com/images/product_big_0055.jpg','Lorem ipsum dolor sit amet',30,'https://mundoagropecuario.com/wp-content/uploads/2019/09/sunflowers.jpg','https://floreshermosas.net/wp-content/uploads/2018/06/amapola.jpg',5,220);
INSERT INTO `product` (`id_product`, `description`, `first_photo`, `name`, `price`, `second_photo`, `third_photo`, `weight`, `category_id_category`) VALUES (18,'Lorem ipsum dolor sit amet, consectetur adipiscing elit. In lacinia diam sed nulla pretium vulputate. Donec risus dui, tempus ut scelerisque sed, accumsan tincidunt massa. Aliquam ac magna auctor, fringilla nibh a, mattis quam.','https://www.daflores.com/images/product_big_0055.jpg','Lorem ipsum dolor sit amet',24,'https://mundoagropecuario.com/wp-content/uploads/2019/09/sunflowers.jpg','https://floreshermosas.net/wp-content/uploads/2018/06/amapola.jpg',7,220);
INSERT INTO `product` (`id_product`, `description`, `first_photo`, `name`, `price`, `second_photo`, `third_photo`, `weight`, `category_id_category`) VALUES (19,'Lorem ipsum dolor sit amet, consectetur adipiscing elit. In lacinia diam sed nulla pretium vulputate. Donec risus dui, tempus ut scelerisque sed, accumsan tincidunt massa. Aliquam ac magna auctor, fringilla nibh a, mattis quam.','https://www.daflores.com/images/product_big_0055.jpg','Lorem ipsum dolor sit amet',67,'https://mundoagropecuario.com/wp-content/uploads/2019/09/sunflowers.jpg','https://floreshermosas.net/wp-content/uploads/2018/06/amapola.jpg',7,220);
INSERT INTO `product` (`id_product`, `description`, `first_photo`, `name`, `price`, `second_photo`, `third_photo`, `weight`, `category_id_category`) VALUES (20,'Lorem ipsum dolor sit amet, consectetur adipiscing elit. In lacinia diam sed nulla pretium vulputate. Donec risus dui, tempus ut scelerisque sed, accumsan tincidunt massa. Aliquam ac magna auctor, fringilla nibh a, mattis quam.','https://www.daflores.com/images/product_big_0055.jpg','Lorem ipsum dolor sit amet',68,'https://mundoagropecuario.com/wp-content/uploads/2019/09/sunflowers.jpg','https://floreshermosas.net/wp-content/uploads/2018/06/amapola.jpg',10,220);
INSERT INTO `product` (`id_product`, `description`, `first_photo`, `name`, `price`, `second_photo`, `third_photo`, `weight`, `category_id_category`) VALUES (21,'Lorem ipsum dolor sit amet, consectetur adipiscing elit. In lacinia diam sed nulla pretium vulputate. Donec risus dui, tempus ut scelerisque sed, accumsan tincidunt massa. Aliquam ac magna auctor, fringilla nibh a, mattis quam.','https://www.daflores.com/images/product_big_0055.jpg','Lorem ipsum dolor sit amet',100,'https://mundoagropecuario.com/wp-content/uploads/2019/09/sunflowers.jpg','https://floreshermosas.net/wp-content/uploads/2018/06/amapola.jpg',15,220);
INSERT INTO `product` (`id_product`, `description`, `first_photo`, `name`, `price`, `second_photo`, `third_photo`, `weight`, `category_id_category`) VALUES (22,'Lorem ipsum dolor sit amet, consectetur adipiscing elit. In lacinia diam sed nulla pretium vulputate. Donec risus dui, tempus ut scelerisque sed, accumsan tincidunt massa. Aliquam ac magna auctor, fringilla nibh a, mattis quam.','https://www.daflores.com/images/product_big_0055.jpg','Lorem ipsum dolor sit amet',30,'https://mundoagropecuario.com/wp-content/uploads/2019/09/sunflowers.jpg','https://floreshermosas.net/wp-content/uploads/2018/06/amapola.jpg',5,230);
INSERT INTO `product` (`id_product`, `description`, `first_photo`, `name`, `price`, `second_photo`, `third_photo`, `weight`, `category_id_category`) VALUES (23,'Lorem ipsum dolor sit amet, consectetur adipiscing elit. In lacinia diam sed nulla pretium vulputate. Donec risus dui, tempus ut scelerisque sed, accumsan tincidunt massa. Aliquam ac magna auctor, fringilla nibh a, mattis quam.','https://www.daflores.com/images/product_big_0055.jpg','Lorem ipsum dolor sit amet',54,'https://mundoagropecuario.com/wp-content/uploads/2019/09/sunflowers.jpg','https://floreshermosas.net/wp-content/uploads/2018/06/amapola.jpg',7,230);
INSERT INTO `product` (`id_product`, `description`, `first_photo`, `name`, `price`, `second_photo`, `third_photo`, `weight`, `category_id_category`) VALUES (24,'Lorem ipsum dolor sit amet, consectetur adipiscing elit. In lacinia diam sed nulla pretium vulputate. Donec risus dui, tempus ut scelerisque sed, accumsan tincidunt massa. Aliquam ac magna auctor, fringilla nibh a, mattis quam.','https://www.daflores.com/images/product_big_0055.jpg','Lorem ipsum dolor sit amet',67,'https://mundoagropecuario.com/wp-content/uploads/2019/09/sunflowers.jpg','https://floreshermosas.net/wp-content/uploads/2018/06/amapola.jpg',7,230);
INSERT INTO `product` (`id_product`, `description`, `first_photo`, `name`, `price`, `second_photo`, `third_photo`, `weight`, `category_id_category`) VALUES (25,'Lorem ipsum dolor sit amet, consectetur adipiscing elit. In lacinia diam sed nulla pretium vulputate. Donec risus dui, tempus ut scelerisque sed, accumsan tincidunt massa. Aliquam ac magna auctor, fringilla nibh a, mattis quam.','https://www.daflores.com/images/product_big_0055.jpg','Lorem ipsum dolor sit amet',100,'https://mundoagropecuario.com/wp-content/uploads/2019/09/sunflowers.jpg','https://floreshermosas.net/wp-content/uploads/2018/06/amapola.jpg',10,230);
INSERT INTO `product` (`id_product`, `description`, `first_photo`, `name`, `price`, `second_photo`, `third_photo`, `weight`, `category_id_category`) VALUES (26,'Lorem ipsum dolor sit amet, consectetur adipiscing elit. In lacinia diam sed nulla pretium vulputate. Donec risus dui, tempus ut scelerisque sed, accumsan tincidunt massa. Aliquam ac magna auctor, fringilla nibh a, mattis quam.','https://www.daflores.com/images/product_big_0055.jpg','Lorem ipsum dolor sit amet',55,'https://mundoagropecuario.com/wp-content/uploads/2019/09/sunflowers.jpg','https://floreshermosas.net/wp-content/uploads/2018/06/amapola.jpg',15,230);
INSERT INTO `product` (`id_product`, `description`, `first_photo`, `name`, `price`, `second_photo`, `third_photo`, `weight`, `category_id_category`) VALUES (27,'Lorem ipsum dolor sit amet, consectetur adipiscing elit. In lacinia diam sed nulla pretium vulputate. Donec risus dui, tempus ut scelerisque sed, accumsan tincidunt massa. Aliquam ac magna auctor, fringilla nibh a, mattis quam.','https://www.daflores.com/images/product_big_0055.jpg','Lorem ipsum dolor sit amet',30,'https://mundoagropecuario.com/wp-content/uploads/2019/09/sunflowers.jpg','https://floreshermosas.net/wp-content/uploads/2018/06/amapola.jpg',5,240);
INSERT INTO `product` (`id_product`, `description`, `first_photo`, `name`, `price`, `second_photo`, `third_photo`, `weight`, `category_id_category`) VALUES (28,'Lorem ipsum dolor sit amet, consectetur adipiscing elit. In lacinia diam sed nulla pretium vulputate. Donec risus dui, tempus ut scelerisque sed, accumsan tincidunt massa. Aliquam ac magna auctor, fringilla nibh a, mattis quam.','https://www.viviendasaludable.es/wp-content/uploads/2019/02/organizar-el-jardin-1.jpg','Lorem ipsum dolor sit amet',35,'https://mundoagropecuario.com/wp-content/uploads/2019/09/sunflowers.jpg','https://floreshermosas.net/wp-content/uploads/2018/06/amapola.jpg',7,240);
INSERT INTO `product` (`id_product`, `description`, `first_photo`, `name`, `price`, `second_photo`, `third_photo`, `weight`, `category_id_category`) VALUES (29,'Lorem ipsum dolor sit amet, consectetur adipiscing elit. In lacinia diam sed nulla pretium vulputate. Donec risus dui, tempus ut scelerisque sed, accumsan tincidunt massa. Aliquam ac magna auctor, fringilla nibh a, mattis quam.','https://blogthinkbig.com/wp-content/uploads/sites/4/2020/02/mascotas.jpg','Lorem ipsum dolor sit amet',67,'https://mundoagropecuario.com/wp-content/uploads/2019/09/sunflowers.jpg','https://floreshermosas.net/wp-content/uploads/2018/06/amapola.jpg',7,240);
INSERT INTO `product` (`id_product`, `description`, `first_photo`, `name`, `price`, `second_photo`, `third_photo`, `weight`, `category_id_category`) VALUES (30,'Lorem ipsum dolor sit amet, consectetur adipiscing elit. In lacinia diam sed nulla pretium vulputate. Donec risus dui, tempus ut scelerisque sed, accumsan tincidunt massa. Aliquam ac magna auctor, fringilla nibh a, mattis quam.','https://floreshermosas.net/wp-content/uploads/2018/06/amapola.jpg','Lorem ipsum dolor sit amet',25,'https://mundoagropecuario.com/wp-content/uploads/2019/09/sunflowers.jpg','https://floreshermosas.net/wp-content/uploads/2018/06/amapola.jpg',10,240);
INSERT INTO `product` (`id_product`, `description`, `first_photo`, `name`, `price`, `second_photo`, `third_photo`, `weight`, `category_id_category`) VALUES (31,'Lorem ipsum dolor sit amet, consectetur adipiscing elit. In lacinia diam sed nulla pretium vulputate. Donec risus dui, tempus ut scelerisque sed, accumsan tincidunt massa. Aliquam ac magna auctor, fringilla nibh a, mattis quam.','https://administratuhogar.com/wp-content/uploads/2019/08/Casita-2017.png','Lorem ipsum dolor sit amet',18,'https://mundoagropecuario.com/wp-content/uploads/2019/09/sunflowers.jpg','https://floreshermosas.net/wp-content/uploads/2018/06/amapola.jpg',15,240);
